All calculations,Synchronous Generator 1,Synchronous Generator 2,Synchronous Generator 3
"Time in s","Active Power in MW","Active Power in MW","Active Power in MW"
0.0000,16.0264,16.0264,16.0264
0.0100,16.0264,16.0264,16.0264
0.0200,16.0264,16.0264,16.0264
0.0300,16.0264,16.0264,16.0264
0.0400,16.0264,16.0264,16.0264
0.0500,16.0264,16.0264,16.0264
0.0600,16.0264,16.0264,16.0264
0.0700,16.0264,16.0264,16.0264
0.0800,16.0264,16.0264,16.0264
0.0900,16.0264,16.0264,16.0264
0.1000,16.0264,16.0264,16.0264
0.1100,16.0264,16.0264,16.0264
0.1200,16.0264,16.0264,16.0264
0.1300,16.0264,16.0264,16.0264
0.1400,16.0264,16.0264,16.0264
0.1500,16.0264,16.0264,16.0264
0.1600,16.0264,16.0264,16.0264
0.1700,16.0264,16.0264,16.0264
0.1800,16.0264,16.0264,16.0264
0.1900,16.0264,16.0264,16.0264
0.2000,16.0264,16.0264,16.0264
0.2100,16.0264,16.0264,16.0264
0.2200,16.0264,16.0264,16.0264
0.2300,16.0264,16.0264,16.0264
0.2400,16.0264,16.0264,16.0264
0.2500,16.0264,16.0264,16.0264
0.2600,16.0264,16.0264,16.0264
0.2700,16.0264,16.0264,16.0264
0.2800,16.0264,16.0264,16.0264
0.2900,16.0264,16.0264,16.0264
0.3000,16.0264,16.0264,16.0264
0.3100,16.0264,16.0264,16.0264
0.3200,16.0264,16.0264,16.0264
0.3300,16.0264,16.0264,16.0264
0.3400,16.0264,16.0264,16.0264
0.3500,16.0264,16.0264,16.0264
0.3600,16.0264,16.0264,16.0264
0.3700,16.0264,16.0264,16.0264
0.3800,16.0264,16.0264,16.0264
0.3900,16.0264,16.0264,16.0264
0.4000,16.0264,16.0264,16.0264
0.4100,16.0264,16.0264,16.0264
0.4200,16.0264,16.0264,16.0264
0.4300,16.0264,16.0264,16.0264
0.4400,16.0264,16.0264,16.0264
0.4500,16.0264,16.0264,16.0264
0.4600,16.0264,16.0264,16.0264
0.4700,16.0264,16.0264,16.0264
0.4800,16.0264,16.0264,16.0264
0.4900,16.0264,16.0264,16.0264
0.5000,16.0264,16.0264,16.0264
0.5100,16.0264,16.0264,16.0264
0.5200,16.0264,16.0264,16.0264
0.5300,16.0264,16.0264,16.0264
0.5400,16.0264,16.0264,16.0264
0.5500,16.0264,16.0264,16.0264
0.5600,16.0264,16.0264,16.0264
0.5700,16.0264,16.0264,16.0264
0.5800,16.0264,16.0264,16.0264
0.5900,16.0264,16.0264,16.0264
0.6000,16.0264,16.0264,16.0264
0.6100,16.0264,16.0264,16.0264
0.6200,16.0264,16.0264,16.0264
0.6300,16.0264,16.0264,16.0264
0.6400,16.0264,16.0264,16.0264
0.6500,16.0264,16.0264,16.0264
0.6600,16.0264,16.0264,16.0264
0.6700,16.0264,16.0264,16.0264
0.6800,16.0264,16.0264,16.0264
0.6900,16.0264,16.0264,16.0264
0.7000,16.0264,16.0264,16.0264
0.7100,16.0264,16.0264,16.0264
0.7200,16.0264,16.0264,16.0264
0.7300,16.0264,16.0264,16.0264
0.7400,16.0264,16.0264,16.0264
0.7500,16.0264,16.0264,16.0264
0.7600,16.0264,16.0264,16.0264
0.7700,16.0264,16.0264,16.0264
0.7800,16.0264,16.0264,16.0264
0.7900,16.0264,16.0264,16.0264
0.8000,16.0264,16.0264,16.0264
0.8100,16.0264,16.0264,16.0264
0.8200,16.0264,16.0264,16.0264
0.8300,16.0264,16.0264,16.0264
0.8400,16.0264,16.0264,16.0264
0.8500,16.0264,16.0264,16.0264
0.8600,16.0264,16.0264,16.0264
0.8700,16.0264,16.0264,16.0264
0.8800,16.0264,16.0264,16.0264
0.8900,16.0264,16.0264,16.0264
0.9000,16.0264,16.0264,16.0264
0.9100,16.0264,16.0264,16.0264
0.9200,16.0264,16.0264,16.0264
0.9300,16.0264,16.0264,16.0264
0.9400,16.0264,16.0264,16.0264
0.9500,16.0264,16.0264,16.0264
0.9600,16.0264,16.0264,16.0264
0.9700,16.0264,16.0264,16.0264
0.9800,16.0264,16.0264,16.0264
0.9900,16.0264,16.0264,16.0264
1.0000,16.0264,16.0264,16.0264
1.0055,26.4686,26.4686,26.2636
1.0126,23.6542,23.6542,23.4885
1.0226,23.7067,23.7067,23.5523
1.0326,22.4645,22.4645,22.3243
1.0426,21.4780,21.4780,21.3455
1.0526,20.3353,20.3353,20.2103
1.0626,19.4585,19.4585,19.3381
1.0726,18.6593,18.6593,18.5431
1.0826,18.0330,18.0330,17.9197
1.0926,17.6978,17.6978,17.5857
1.1000,17.5569,17.5569,17.4457
1.1055,25.2302,25.2302,25.3595
1.1126,21.5892,21.5892,21.6810
1.1226,18.4527,18.4527,18.5056
1.1326,17.4963,17.4963,17.5358
1.1426,17.2260,17.2260,17.2635
1.1526,17.1186,17.1186,17.1593
1.1626,17.0359,17.0359,17.0820
1.1726,16.8775,16.8775,16.9298
1.1826,16.6744,16.6744,16.7328
1.1926,16.4707,16.4707,16.5350
1.2026,16.2853,16.2853,16.3550
1.2126,16.1320,16.1320,16.2065
1.2226,16.0213,16.0213,16.1001
1.2326,15.9658,15.9658,16.0483
1.2426,15.9723,15.9723,16.0580
1.2526,16.0415,16.0415,16.1298
1.2626,16.1693,16.1693,16.2598
1.2726,16.3439,16.3439,16.4359
1.2826,16.5749,16.5749,16.6679
1.2926,16.8161,16.8161,16.9095
1.3026,17.0680,17.0680,17.1612
1.3126,17.3069,17.3069,17.3992
1.3226,17.5223,17.5223,17.6130
1.3326,17.7008,17.7008,17.7889
1.3426,17.8336,17.8336,17.9185
1.3526,17.9168,17.9168,17.9976
1.3626,17.9496,17.9496,18.0254
1.3726,17.9356,17.9356,18.0056
1.3826,17.8836,17.8836,17.9470
1.3926,17.8052,17.8052,17.8613
1.4026,17.7136,17.7136,17.7618
1.4126,17.6220,17.6220,17.6618
1.4226,17.5419,17.5419,17.5729
1.4326,17.4821,17.4821,17.5041
1.4426,17.4478,17.4478,17.4606
1.4526,17.4403,17.4403,17.4439
1.4626,17.4573,17.4573,17.4517
1.4726,17.4935,17.4935,17.4790
1.4826,17.5416,17.5416,17.5184
1.4926,17.5937,17.5937,17.5622
1.5026,17.6421,17.6421,17.6026
1.5126,17.6803,17.6803,17.6332
1.5226,17.7038,17.7038,17.6497
1.5326,17.7103,17.7103,17.6498
1.5426,17.6998,17.6998,17.6335
1.5526,17.6743,17.6743,17.6029
1.5626,17.6370,17.6370,17.5612
1.5726,17.5908,17.5908,17.5114
1.5826,17.5382,17.5382,17.4559
1.5926,17.4844,17.4844,17.4002
1.6026,17.4337,17.4337,17.3481
1.6126,17.3900,17.3900,17.3040
1.6226,17.3547,17.3547,17.2691
1.6326,17.3257,17.3257,17.2411
1.6426,17.3028,17.3028,17.2201
1.6526,17.2841,17.2841,17.2039
1.6626,17.2658,17.2658,17.1888
1.6726,17.2475,17.2475,17.1742
1.6826,17.2270,17.2270,17.1580
1.6926,17.2027,17.2027,17.1385
1.7026,17.1737,17.1737,17.1149
1.7126,17.1402,17.1402,17.0871
1.7226,17.1028,17.1028,17.0557
1.7326,17.0627,17.0627,17.0219
1.7426,17.0214,17.0214,16.9871
1.7526,16.9803,16.9803,16.9527
1.7626,16.9410,16.9410,16.9202
1.7726,16.9045,16.9045,16.8904
1.7826,16.8714,16.8714,16.8640
1.7926,16.8420,16.8420,16.8412
1.8026,16.8160,16.8160,16.8218
1.8126,16.7931,16.7931,16.8051
1.8226,16.7725,16.7725,16.7905
1.8326,16.7533,16.7533,16.7771
1.8426,16.7349,16.7349,16.7641
1.8526,16.7167,16.7167,16.7508
1.8626,16.6978,16.6978,16.7366
1.8726,16.6784,16.6784,16.7213
1.8826,16.6536,16.6536,16.7002
1.8926,16.6379,16.6379,16.6877
1.9026,16.6192,16.6192,16.6717
1.9126,16.5996,16.5996,16.6543
1.9226,16.5798,16.5798,16.6361
1.9326,16.5614,16.5614,16.6189
1.9426,16.5440,16.5440,16.6022
1.9526,16.5284,16.5284,16.5866
1.9626,16.5141,16.5141,16.5720
1.9726,16.5013,16.5013,16.5584
1.9826,16.4897,16.4897,16.5454
1.9926,16.4790,16.4790,16.5330
2.0026,16.4689,16.4689,16.5207
2.0126,16.4593,16.4593,16.5085
2.0226,16.4498,16.4498,16.4961
2.0326,16.4405,16.4405,16.4835
2.0426,16.4312,16.4312,16.4707
2.0526,16.4219,16.4219,16.4576
2.0626,16.4128,16.4128,16.4445
2.0726,16.4039,16.4039,16.4315
2.0826,16.3954,16.3954,16.4187
2.0926,16.3874,16.3874,16.4062
2.1026,16.3798,16.3798,16.3942
2.1126,16.3729,16.3729,16.3827
2.1226,16.3664,16.3664,16.3719
2.1326,16.3606,16.3606,16.3615
2.1426,16.3551,16.3551,16.3518
2.1526,16.3500,16.3500,16.3425
2.1626,16.3452,16.3452,16.3336
2.1726,16.3406,16.3406,16.3251
2.1826,16.3360,16.3360,16.3170
2.1926,16.3315,16.3315,16.3091
2.2026,16.3270,16.3270,16.3014
2.2126,16.3225,16.3225,16.2940
2.2226,16.3179,16.3179,16.2869
2.2326,16.3133,16.3133,16.2801
2.2426,16.3088,16.3088,16.2737
2.2526,16.3043,16.3043,16.2676
2.2626,16.2998,16.2998,16.2619
2.2726,16.2954,16.2954,16.2567
2.2826,16.2912,16.2912,16.2519
2.2926,16.2870,16.2870,16.2475
2.3026,16.2829,16.2829,16.2436
2.3126,16.2788,16.2788,16.2400
2.3226,16.2748,16.2748,16.2368
2.3326,16.2708,16.2708,16.2339
2.3426,16.2668,16.2668,16.2312
2.3526,16.2627,16.2627,16.2288
2.3626,16.2586,16.2586,16.2266
2.3726,16.2544,16.2544,16.2245
2.3826,16.2502,16.2502,16.2226
2.3926,16.2460,16.2460,16.2209
2.4026,16.2417,16.2417,16.2193
2.4126,16.2374,16.2374,16.2179
2.4226,16.2332,16.2332,16.2165
2.4326,16.2290,16.2290,16.2153
2.4426,16.2249,16.2249,16.2142
2.4526,16.2208,16.2208,16.2132
2.4626,16.2168,16.2168,16.2122
2.4726,16.2128,16.2128,16.2113
2.4826,16.2089,16.2089,16.2104
2.4926,16.2051,16.2051,16.2094
2.5026,16.2013,16.2013,16.2085
2.5126,16.1976,16.1976,16.2074
2.5226,16.1939,16.1939,16.2063
2.5326,16.1903,16.1903,16.2051
2.5426,16.1868,16.1868,16.2038
2.5526,16.1833,16.1833,16.2023
2.5626,16.1799,16.1799,16.2008
2.5726,16.1766,16.1766,16.1991
2.5826,16.1734,16.1734,16.1973
2.5926,16.1704,16.1704,16.1954
2.6026,16.1674,16.1674,16.1933
2.6126,16.1645,16.1645,16.1911
2.6226,16.1617,16.1617,16.1888
2.6326,16.1590,16.1590,16.1864
2.6426,16.1565,16.1565,16.1838
2.6526,16.1540,16.1540,16.1811
2.6626,16.1516,16.1516,16.1782
2.6726,16.1492,16.1492,16.1752
2.6826,16.1470,16.1470,16.1721
2.6926,16.1449,16.1449,16.1689
2.7026,16.1428,16.1428,16.1656
2.7126,16.1408,16.1408,16.1622
2.7226,16.1388,16.1388,16.1587
2.7326,16.1369,16.1369,16.1551
2.7426,16.1351,16.1351,16.1515
2.7526,16.1333,16.1333,16.1478
2.7626,16.1316,16.1316,16.1441
2.7726,16.1299,16.1299,16.1404
2.7826,16.1283,16.1283,16.1367
2.7926,16.1267,16.1267,16.1330
2.8026,16.1251,16.1251,16.1293
2.8126,16.1235,16.1235,16.1256
2.8226,16.1219,16.1219,16.1220
2.8326,16.1204,16.1204,16.1184
2.8426,16.1188,16.1188,16.1149
2.8526,16.1173,16.1173,16.1115
2.8626,16.1157,16.1157,16.1081
2.8726,16.1142,16.1142,16.1049
2.8826,16.1126,16.1126,16.1017
2.8926,16.1110,16.1110,16.0987
2.9026,16.1094,16.1094,16.0958
2.9126,16.1078,16.1078,16.0930
2.9226,16.1061,16.1061,16.0903
2.9326,16.1045,16.1045,16.0877
2.9426,16.1028,16.1028,16.0853
2.9526,16.1011,16.1011,16.0831
2.9626,16.0993,16.0993,16.0810
2.9726,16.0976,16.0976,16.0790
2.9826,16.0958,16.0958,16.0771
2.9926,16.0940,16.0940,16.0754
3.0026,16.0922,16.0922,16.0739
3.0126,16.0904,16.0904,16.0725
3.0226,16.0886,16.0886,16.0712
3.0326,16.0867,16.0867,16.0700
3.0426,16.0849,16.0849,16.0689
3.0526,16.0830,16.0830,16.0680
3.0626,16.0812,16.0812,16.0671
3.0726,16.0793,16.0793,16.0664
3.0826,16.0775,16.0775,16.0658
3.0926,16.0757,16.0757,16.0652
3.1026,16.0738,16.0738,16.0647
3.1126,16.0721,16.0721,16.0643
3.1226,16.0703,16.0703,16.0639
3.1326,16.0686,16.0686,16.0636
3.1426,16.0668,16.0668,16.0634
3.1526,16.0652,16.0652,16.0631
3.1626,16.0636,16.0636,16.0629
3.1726,16.0620,16.0620,16.0628
3.1826,16.0604,16.0604,16.0626
3.1926,16.0589,16.0589,16.0624
3.2026,16.0575,16.0575,16.0622
3.2126,16.0561,16.0561,16.0621
3.2226,16.0548,16.0548,16.0619
3.2326,16.0535,16.0535,16.0616
3.2426,16.0523,16.0523,16.0614
3.2526,16.0512,16.0512,16.0611
3.2626,16.0501,16.0501,16.0608
3.2726,16.0491,16.0491,16.0604
3.2826,16.0481,16.0481,16.0600
3.2926,16.0472,16.0472,16.0595
3.3026,16.0464,16.0464,16.0590
3.3126,16.0456,16.0456,16.0585
3.3226,16.0449,16.0449,16.0579
3.3326,16.0442,16.0442,16.0572
3.3426,16.0437,16.0437,16.0565
3.3526,16.0431,16.0431,16.0557
3.3626,16.0426,16.0426,16.0550
3.3726,16.0422,16.0422,16.0541
3.3826,16.0418,16.0418,16.0532
3.3926,16.0415,16.0415,16.0523
3.4026,16.0412,16.0412,16.0513
3.4126,16.0409,16.0409,16.0504
3.4226,16.0407,16.0407,16.0494
3.4326,16.0405,16.0405,16.0483
3.4426,16.0403,16.0403,16.0473
3.4526,16.0402,16.0402,16.0462
3.4626,16.0401,16.0401,16.0451
3.4726,16.0400,16.0400,16.0441
3.4826,16.0399,16.0399,16.0430
3.4926,16.0398,16.0398,16.0419
3.5026,16.0397,16.0397,16.0409
3.5126,16.0397,16.0397,16.0398
3.5226,16.0396,16.0396,16.0388
3.5326,16.0396,16.0396,16.0378
3.5426,16.0395,16.0395,16.0369
3.5526,16.0394,16.0394,16.0360
3.5626,16.0393,16.0393,16.0351
3.5726,16.0393,16.0393,16.0343
3.5826,16.0392,16.0392,16.0335
3.5926,16.0390,16.0390,16.0327
3.6026,16.0389,16.0389,16.0320
3.6126,16.0388,16.0388,16.0314
3.6226,16.0386,16.0386,16.0308
3.6326,16.0384,16.0384,16.0303
3.6426,16.0382,16.0382,16.0298
3.6526,16.0380,16.0380,16.0294
3.6626,16.0377,16.0377,16.0290
3.6726,16.0374,16.0374,16.0287
3.6826,16.0372,16.0372,16.0284
3.6926,16.0369,16.0369,16.0282
3.7026,16.0365,16.0365,16.0281
3.7126,16.0362,16.0362,16.0280
3.7226,16.0358,16.0358,16.0279
3.7326,16.0355,16.0355,16.0279
3.7426,16.0351,16.0351,16.0280
3.7526,16.0347,16.0347,16.0280
3.7626,16.0343,16.0343,16.0281
3.7726,16.0339,16.0339,16.0283
3.7826,16.0335,16.0335,16.0285
3.7926,16.0331,16.0331,16.0287
3.8026,16.0326,16.0326,16.0289
3.8126,16.0322,16.0322,16.0291
3.8226,16.0318,16.0318,16.0294
3.8326,16.0314,16.0314,16.0296
3.8426,16.0309,16.0309,16.0299
3.8526,16.0305,16.0305,16.0302
3.8626,16.0301,16.0301,16.0304
3.8726,16.0298,16.0298,16.0307
3.8826,16.0294,16.0294,16.0309
3.8926,16.0290,16.0290,16.0312
3.9026,16.0287,16.0287,16.0314
3.9126,16.0284,16.0284,16.0316
3.9226,16.0281,16.0281,16.0318
3.9326,16.0278,16.0278,16.0320
3.9426,16.0275,16.0275,16.0321
3.9526,16.0272,16.0272,16.0322
3.9626,16.0270,16.0270,16.0323
3.9726,16.0268,16.0268,16.0324
3.9826,16.0266,16.0266,16.0324
3.9926,16.0264,16.0264,16.0324
4.0026,16.0263,16.0263,16.0324
4.0126,16.0262,16.0262,16.0323
4.0226,16.0261,16.0261,16.0322
4.0326,16.0260,16.0260,16.0321
4.0426,16.0259,16.0259,16.0320
4.0526,16.0259,16.0259,16.0318
4.0626,16.0259,16.0259,16.0316
4.0726,16.0259,16.0259,16.0313
4.0826,16.0259,16.0259,16.0311
4.0926,16.0259,16.0259,16.0308
4.1026,16.0259,16.0259,16.0305
4.1126,16.0260,16.0260,16.0302
4.1226,16.0260,16.0260,16.0298
4.1326,16.0261,16.0261,16.0295
4.1426,16.0262,16.0262,16.0291
4.1526,16.0262,16.0262,16.0288
4.1626,16.0263,16.0263,16.0284
4.1726,16.0264,16.0264,16.0280
4.1826,16.0265,16.0265,16.0277
4.1926,16.0266,16.0266,16.0273
4.2026,16.0267,16.0267,16.0269
4.2126,16.0268,16.0268,16.0265
4.2226,16.0269,16.0269,16.0262
4.2326,16.0269,16.0269,16.0258
4.2426,16.0270,16.0270,16.0255
4.2526,16.0271,16.0271,16.0252
4.2626,16.0271,16.0271,16.0249
4.2726,16.0272,16.0272,16.0246
4.2826,16.0272,16.0272,16.0244
4.2926,16.0273,16.0273,16.0241
4.3026,16.0273,16.0273,16.0239
4.3126,16.0273,16.0273,16.0237
4.3226,16.0273,16.0273,16.0235
4.3326,16.0273,16.0273,16.0234
4.3426,16.0273,16.0273,16.0233
4.3526,16.0272,16.0272,16.0232
4.3626,16.0272,16.0272,16.0231
4.3726,16.0272,16.0272,16.0231
4.3826,16.0271,16.0271,16.0231
4.3926,16.0270,16.0270,16.0231
4.4026,16.0270,16.0270,16.0231
4.4126,16.0269,16.0269,16.0231
4.4226,16.0268,16.0268,16.0232
4.4326,16.0267,16.0267,16.0233
4.4426,16.0266,16.0266,16.0234
4.4526,16.0265,16.0265,16.0235
4.4626,16.0263,16.0263,16.0237
4.4726,16.0262,16.0262,16.0238
4.4826,16.0261,16.0261,16.0240
4.4926,16.0259,16.0259,16.0241
4.5026,16.0258,16.0258,16.0243
4.5126,16.0257,16.0257,16.0245
4.5226,16.0255,16.0255,16.0247
4.5326,16.0254,16.0254,16.0249
4.5426,16.0253,16.0253,16.0251
4.5526,16.0252,16.0252,16.0253
4.5626,16.0251,16.0251,16.0255
4.5726,16.0250,16.0250,16.0257
4.5826,16.0248,16.0248,16.0258
4.5926,16.0247,16.0247,16.0260
4.6026,16.0246,16.0246,16.0261
4.6126,16.0245,16.0245,16.0263
4.6226,16.0244,16.0244,16.0264
4.6326,16.0244,16.0244,16.0266
4.6426,16.0243,16.0243,16.0267
4.6526,16.0243,16.0243,16.0268
4.6626,16.0242,16.0242,16.0269
4.6726,16.0242,16.0242,16.0270
4.6826,16.0242,16.0242,16.0270
4.6926,16.0241,16.0241,16.0271
4.7026,16.0241,16.0241,16.0271
4.7126,16.0241,16.0241,16.0271
4.7226,16.0241,16.0241,16.0271
4.7326,16.0241,16.0241,16.0271
4.7426,16.0242,16.0242,16.0271
4.7526,16.0242,16.0242,16.0270
4.7626,16.0242,16.0242,16.0269
4.7726,16.0243,16.0243,16.0269
4.7826,16.0243,16.0243,16.0268
4.7926,16.0244,16.0244,16.0267
4.8026,16.0245,16.0245,16.0266
4.8126,16.0245,16.0245,16.0265
4.8226,16.0246,16.0246,16.0264
4.8326,16.0247,16.0247,16.0262
4.8426,16.0248,16.0248,16.0261
4.8526,16.0249,16.0249,16.0260
4.8626,16.0250,16.0250,16.0258
4.8726,16.0250,16.0250,16.0257
4.8826,16.0251,16.0251,16.0255
4.8926,16.0252,16.0252,16.0254
4.9026,16.0253,16.0253,16.0252
4.9126,16.0254,16.0254,16.0251
4.9226,16.0254,16.0254,16.0250
4.9326,16.0255,16.0255,16.0248
4.9426,16.0256,16.0256,16.0247
4.9526,16.0257,16.0257,16.0246
4.9626,16.0257,16.0257,16.0245
4.9726,16.0258,16.0258,16.0244
4.9826,16.0258,16.0258,16.0243
4.9926,16.0259,16.0259,16.0242
5.0026,16.0259,16.0259,16.0242
5.0126,16.0259,16.0259,16.0241
5.0226,16.0260,16.0260,16.0241
5.0326,16.0260,16.0260,16.0240
5.0426,16.0260,16.0260,16.0240
5.0526,16.0260,16.0260,16.0240
5.0626,16.0260,16.0260,16.0240
5.0726,16.0260,16.0260,16.0240
5.0826,16.0260,16.0260,16.0240
5.0926,16.0260,16.0260,16.0241
5.1026,16.0260,16.0260,16.0241
5.1126,16.0259,16.0259,16.0242
5.1226,16.0259,16.0259,16.0242
5.1326,16.0259,16.0259,16.0243
5.1426,16.0258,16.0258,16.0244
5.1526,16.0258,16.0258,16.0245
5.1626,16.0258,16.0258,16.0246
5.1726,16.0257,16.0257,16.0247
5.1826,16.0257,16.0257,16.0248
5.1926,16.0256,16.0256,16.0249
5.2026,16.0256,16.0256,16.0250
5.2126,16.0255,16.0255,16.0251
5.2226,16.0255,16.0255,16.0252
5.2326,16.0254,16.0254,16.0253
5.2426,16.0254,16.0254,16.0254
5.2526,16.0253,16.0253,16.0255
5.2626,16.0253,16.0253,16.0256
5.2726,16.0252,16.0252,16.0258
5.2826,16.0252,16.0252,16.0259
5.2926,16.0252,16.0252,16.0260
5.3026,16.0251,16.0251,16.0260
5.3126,16.0251,16.0251,16.0261
5.3226,16.0251,16.0251,16.0262
5.3326,16.0251,16.0251,16.0263
5.3426,16.0250,16.0250,16.0263
5.3526,16.0250,16.0250,16.0264
5.3626,16.0250,16.0250,16.0264
5.3726,16.0250,16.0250,16.0265
5.3826,16.0250,16.0250,16.0265
5.3926,16.0250,16.0250,16.0265
5.4026,16.0250,16.0250,16.0266
5.4126,16.0250,16.0250,16.0266
5.4226,16.0251,16.0251,16.0266
5.4326,16.0251,16.0251,16.0266
5.4426,16.0251,16.0251,16.0266
5.4526,16.0251,16.0251,16.0265
5.4626,16.0252,16.0252,16.0265
5.4726,16.0252,16.0252,16.0265
5.4826,16.0252,16.0252,16.0264
5.4926,16.0253,16.0253,16.0264
5.5026,16.0253,16.0253,16.0263
5.5126,16.0254,16.0254,16.0263
5.5226,16.0254,16.0254,16.0262
5.5326,16.0254,16.0254,16.0262
5.5426,16.0255,16.0255,16.0261
5.5526,16.0255,16.0255,16.0260
5.5626,16.0256,16.0256,16.0260
5.5726,16.0256,16.0256,16.0259
5.5826,16.0257,16.0257,16.0258
5.5926,16.0257,16.0257,16.0258
5.6026,16.0258,16.0258,16.0257
5.6126,16.0258,16.0258,16.0256
5.6226,16.0259,16.0259,16.0256
5.6326,16.0259,16.0259,16.0255
5.6426,16.0259,16.0259,16.0255
5.6526,16.0260,16.0260,16.0254
5.6626,16.0260,16.0260,16.0254
5.6726,16.0260,16.0260,16.0253
5.6826,16.0261,16.0261,16.0253
5.6926,16.0261,16.0261,16.0252
5.7026,16.0261,16.0261,16.0252
5.7126,16.0261,16.0261,16.0252
5.7226,16.0261,16.0261,16.0252
5.7326,16.0261,16.0261,16.0252
5.7426,16.0262,16.0262,16.0252
5.7526,16.0262,16.0262,16.0252
5.7626,16.0262,16.0262,16.0252
5.7726,16.0262,16.0262,16.0252
5.7826,16.0262,16.0262,16.0252
5.7926,16.0261,16.0261,16.0252
5.8026,16.0261,16.0261,16.0253
5.8126,16.0261,16.0261,16.0253
5.8226,16.0261,16.0261,16.0253
5.8326,16.0261,16.0261,16.0254
5.8426,16.0261,16.0261,16.0254
5.8526,16.0261,16.0261,16.0255
5.8626,16.0260,16.0260,16.0255
5.8726,16.0260,16.0260,16.0256
5.8826,16.0260,16.0260,16.0256
5.8926,16.0260,16.0260,16.0257
5.9026,16.0259,16.0259,16.0257
5.9126,16.0259,16.0259,16.0258
5.9226,16.0259,16.0259,16.0259
5.9326,16.0259,16.0259,16.0259
5.9426,16.0259,16.0259,16.0260
5.9526,16.0258,16.0258,16.0260
5.9626,16.0258,16.0258,16.0261
5.9726,16.0258,16.0258,16.0261
5.9826,16.0258,16.0258,16.0262
5.9926,16.0258,16.0258,16.0262
6.0026,16.0257,16.0257,16.0263
6.0126,16.0257,16.0257,16.0263
6.0226,16.0257,16.0257,16.0264
6.0326,16.0257,16.0257,16.0264
6.0426,16.0257,16.0257,16.0264
6.0526,16.0257,16.0257,16.0264
6.0626,16.0257,16.0257,16.0265
6.0726,16.0257,16.0257,16.0265
6.0826,16.0257,16.0257,16.0265
6.0926,16.0257,16.0257,16.0265
6.1026,16.0257,16.0257,16.0265
6.1126,16.0257,16.0257,16.0265
6.1226,16.0257,16.0257,16.0265
6.1326,16.0257,16.0257,16.0265
6.1426,16.0258,16.0258,16.0265
6.1526,16.0258,16.0258,16.0265
6.1626,16.0258,16.0258,16.0265
6.1726,16.0258,16.0258,16.0265
6.1826,16.0258,16.0258,16.0264
6.1926,16.0259,16.0259,16.0264
6.2026,16.0259,16.0259,16.0264
6.2126,16.0259,16.0259,16.0263
6.2226,16.0259,16.0259,16.0263
6.2326,16.0259,16.0259,16.0263
6.2426,16.0260,16.0260,16.0262
6.2526,16.0260,16.0260,16.0262
6.2626,16.0260,16.0260,16.0262
6.2726,16.0260,16.0260,16.0261
6.2826,16.0261,16.0261,16.0261
6.2926,16.0261,16.0261,16.0261
6.3026,16.0261,16.0261,16.0260
6.3126,16.0261,16.0261,16.0260
6.3226,16.0262,16.0262,16.0260
6.3326,16.0262,16.0262,16.0260
6.3426,16.0262,16.0262,16.0259
6.3526,16.0262,16.0262,16.0259
6.3626,16.0262,16.0262,16.0259
6.3726,16.0262,16.0262,16.0259
6.3826,16.0262,16.0262,16.0259
6.3926,16.0263,16.0263,16.0258
6.4026,16.0263,16.0263,16.0258
6.4126,16.0263,16.0263,16.0258
6.4226,16.0263,16.0263,16.0258
6.4326,16.0263,16.0263,16.0258
6.4426,16.0263,16.0263,16.0258
6.4526,16.0263,16.0263,16.0258
6.4626,16.0263,16.0263,16.0258
6.4726,16.0263,16.0263,16.0258
6.4826,16.0263,16.0263,16.0258
6.4926,16.0263,16.0263,16.0259
6.5026,16.0263,16.0263,16.0259
6.5126,16.0263,16.0263,16.0259
6.5226,16.0262,16.0262,16.0259
6.5326,16.0262,16.0262,16.0259
6.5426,16.0262,16.0262,16.0259
6.5526,16.0262,16.0262,16.0260
6.5626,16.0262,16.0262,16.0260
6.5726,16.0262,16.0262,16.0260
6.5826,16.0262,16.0262,16.0261
6.5926,16.0262,16.0262,16.0261
6.6026,16.0262,16.0262,16.0261
6.6126,16.0261,16.0261,16.0261
6.6226,16.0261,16.0261,16.0262
6.6326,16.0261,16.0261,16.0262
6.6426,16.0261,16.0261,16.0262
6.6526,16.0261,16.0261,16.0263
6.6626,16.0261,16.0261,16.0263
6.6726,16.0261,16.0261,16.0263
6.6826,16.0261,16.0261,16.0263
6.6926,16.0261,16.0261,16.0263
6.7026,16.0261,16.0261,16.0264
6.7126,16.0260,16.0260,16.0264
6.7226,16.0260,16.0260,16.0264
6.7326,16.0260,16.0260,16.0264
6.7426,16.0260,16.0260,16.0264
6.7526,16.0260,16.0260,16.0264
6.7626,16.0260,16.0260,16.0265
6.7726,16.0260,16.0260,16.0265
6.7826,16.0260,16.0260,16.0265
6.7926,16.0260,16.0260,16.0265
6.8026,16.0260,16.0260,16.0265
6.8126,16.0260,16.0260,16.0265
6.8226,16.0260,16.0260,16.0265
6.8326,16.0261,16.0261,16.0265
6.8426,16.0261,16.0261,16.0264
6.8526,16.0261,16.0261,16.0264
6.8626,16.0261,16.0261,16.0264
6.8726,16.0261,16.0261,16.0264
6.8826,16.0261,16.0261,16.0264
6.8926,16.0261,16.0261,16.0264
6.9026,16.0261,16.0261,16.0264
6.9126,16.0261,16.0261,16.0264
6.9226,16.0261,16.0261,16.0263
6.9326,16.0262,16.0262,16.0263
6.9426,16.0262,16.0262,16.0263
6.9526,16.0262,16.0262,16.0263
6.9626,16.0262,16.0262,16.0263
6.9726,16.0262,16.0262,16.0263
6.9826,16.0262,16.0262,16.0262
6.9926,16.0262,16.0262,16.0262
7.0026,16.0262,16.0262,16.0262
7.0126,16.0262,16.0262,16.0262
7.0226,16.0263,16.0263,16.0262
7.0326,16.0263,16.0263,16.0262
7.0426,16.0263,16.0263,16.0261
7.0526,16.0263,16.0263,16.0261
7.0626,16.0263,16.0263,16.0261
7.0726,16.0263,16.0263,16.0261
7.0826,16.0263,16.0263,16.0261
7.0926,16.0263,16.0263,16.0261
7.1026,16.0263,16.0263,16.0261
7.1126,16.0263,16.0263,16.0261
7.1226,16.0263,16.0263,16.0261
7.1326,16.0263,16.0263,16.0261
7.1426,16.0263,16.0263,16.0261
7.1526,16.0263,16.0263,16.0261
7.1626,16.0263,16.0263,16.0261
7.1726,16.0263,16.0263,16.0261
7.1826,16.0263,16.0263,16.0261
7.1926,16.0263,16.0263,16.0261
7.2026,16.0263,16.0263,16.0261
7.2126,16.0263,16.0263,16.0261
7.2226,16.0263,16.0263,16.0261
7.2326,16.0263,16.0263,16.0262
7.2426,16.0263,16.0263,16.0262
7.2526,16.0263,16.0263,16.0262
7.2626,16.0263,16.0263,16.0262
7.2726,16.0262,16.0262,16.0262
7.2826,16.0262,16.0262,16.0262
7.2926,16.0262,16.0262,16.0262
7.3026,16.0262,16.0262,16.0262
7.3126,16.0262,16.0262,16.0263
7.3226,16.0262,16.0262,16.0263
7.3326,16.0262,16.0262,16.0263
7.3426,16.0262,16.0262,16.0263
7.3526,16.0262,16.0262,16.0263
7.3626,16.0262,16.0262,16.0263
7.3726,16.0262,16.0262,16.0263
7.3826,16.0262,16.0262,16.0263
7.3926,16.0262,16.0262,16.0264
7.4026,16.0262,16.0262,16.0264
7.4126,16.0262,16.0262,16.0264
7.4226,16.0262,16.0262,16.0264
7.4326,16.0262,16.0262,16.0264
7.4426,16.0262,16.0262,16.0264
7.4526,16.0262,16.0262,16.0264
7.4626,16.0262,16.0262,16.0264
7.4726,16.0262,16.0262,16.0264
7.4826,16.0262,16.0262,16.0264
7.4926,16.0262,16.0262,16.0264
7.5026,16.0262,16.0262,16.0264
7.5126,16.0262,16.0262,16.0264
7.5226,16.0262,16.0262,16.0264
7.5326,16.0262,16.0262,16.0264
7.5426,16.0262,16.0262,16.0264
7.5526,16.0262,16.0262,16.0264
7.5626,16.0262,16.0262,16.0264
7.5726,16.0262,16.0262,16.0264
7.5826,16.0262,16.0262,16.0264
7.5926,16.0262,16.0262,16.0264
7.6026,16.0262,16.0262,16.0264
7.6126,16.0262,16.0262,16.0263
7.6226,16.0262,16.0262,16.0263
7.6326,16.0262,16.0262,16.0263
7.6426,16.0262,16.0262,16.0263
7.6526,16.0262,16.0262,16.0263
7.6626,16.0263,16.0263,16.0263
7.6726,16.0263,16.0263,16.0263
7.6826,16.0263,16.0263,16.0263
7.6926,16.0263,16.0263,16.0263
7.7026,16.0263,16.0263,16.0263
7.7126,16.0263,16.0263,16.0263
7.7226,16.0263,16.0263,16.0262
7.7326,16.0263,16.0263,16.0262
7.7426,16.0263,16.0263,16.0262
7.7526,16.0263,16.0263,16.0262
7.7626,16.0263,16.0263,16.0262
7.7726,16.0263,16.0263,16.0262
7.7826,16.0263,16.0263,16.0262
7.7926,16.0263,16.0263,16.0262
7.8026,16.0263,16.0263,16.0262
7.8126,16.0263,16.0263,16.0262
7.8226,16.0263,16.0263,16.0262
7.8326,16.0263,16.0263,16.0262
7.8426,16.0263,16.0263,16.0262
7.8526,16.0263,16.0263,16.0262
7.8626,16.0263,16.0263,16.0262
7.8726,16.0263,16.0263,16.0262
7.8826,16.0263,16.0263,16.0262
7.8926,16.0263,16.0263,16.0262
7.9026,16.0263,16.0263,16.0262
7.9126,16.0263,16.0263,16.0262
7.9226,16.0263,16.0263,16.0262
7.9326,16.0263,16.0263,16.0263
7.9426,16.0263,16.0263,16.0263
7.9526,16.0263,16.0263,16.0263
7.9626,16.0263,16.0263,16.0263
7.9726,16.0263,16.0263,16.0263
7.9826,16.0263,16.0263,16.0263
7.9926,16.0263,16.0263,16.0263
8.0026,16.0263,16.0263,16.0263
8.0126,16.0263,16.0263,16.0263
8.0226,16.0263,16.0263,16.0263
8.0326,16.0263,16.0263,16.0263
8.0426,16.0263,16.0263,16.0263
8.0526,16.0262,16.0262,16.0263
8.0626,16.0262,16.0262,16.0263
8.0726,16.0262,16.0262,16.0263
8.0826,16.0262,16.0262,16.0263
8.0926,16.0262,16.0262,16.0264
8.1026,16.0262,16.0262,16.0264
8.1126,16.0262,16.0262,16.0264
8.1226,16.0262,16.0262,16.0264
8.1326,16.0262,16.0262,16.0264
8.1426,16.0262,16.0262,16.0264
8.1526,16.0262,16.0262,16.0264
8.1626,16.0262,16.0262,16.0264
8.1726,16.0262,16.0262,16.0264
8.1826,16.0262,16.0262,16.0264
8.1926,16.0262,16.0262,16.0264
8.2026,16.0262,16.0262,16.0264
8.2126,16.0262,16.0262,16.0264
8.2226,16.0262,16.0262,16.0264
8.2326,16.0262,16.0262,16.0264
8.2426,16.0262,16.0262,16.0264
8.2526,16.0263,16.0263,16.0264
8.2626,16.0263,16.0263,16.0264
8.2726,16.0263,16.0263,16.0264
8.2826,16.0263,16.0263,16.0264
8.2926,16.0263,16.0263,16.0263
8.3026,16.0263,16.0263,16.0263
8.3126,16.0263,16.0263,16.0263
8.3226,16.0263,16.0263,16.0263
8.3326,16.0263,16.0263,16.0263
8.3426,16.0263,16.0263,16.0263
8.3526,16.0263,16.0263,16.0263
8.3626,16.0263,16.0263,16.0263
8.3726,16.0263,16.0263,16.0263
8.3826,16.0263,16.0263,16.0263
8.3926,16.0263,16.0263,16.0263
8.4026,16.0263,16.0263,16.0263
8.4126,16.0263,16.0263,16.0263
8.4226,16.0263,16.0263,16.0263
8.4326,16.0263,16.0263,16.0263
8.4426,16.0263,16.0263,16.0263
8.4526,16.0263,16.0263,16.0263
8.4626,16.0263,16.0263,16.0263
8.4726,16.0263,16.0263,16.0263
8.4826,16.0263,16.0263,16.0263
8.4926,16.0263,16.0263,16.0263
8.5026,16.0263,16.0263,16.0263
8.5126,16.0263,16.0263,16.0263
8.5226,16.0263,16.0263,16.0263
8.5326,16.0263,16.0263,16.0263
8.5426,16.0263,16.0263,16.0263
8.5526,16.0263,16.0263,16.0263
8.5626,16.0263,16.0263,16.0263
8.5726,16.0263,16.0263,16.0263
8.5826,16.0263,16.0263,16.0263
8.5926,16.0263,16.0263,16.0263
8.6026,16.0263,16.0263,16.0263
8.6126,16.0263,16.0263,16.0263
8.6226,16.0263,16.0263,16.0263
8.6326,16.0263,16.0263,16.0263
8.6426,16.0263,16.0263,16.0263
8.6526,16.0263,16.0263,16.0263
8.6626,16.0263,16.0263,16.0263
8.6726,16.0263,16.0263,16.0263
8.6826,16.0263,16.0263,16.0263
8.6926,16.0263,16.0263,16.0263
8.7026,16.0263,16.0263,16.0263
8.7126,16.0263,16.0263,16.0263
8.7226,16.0263,16.0263,16.0263
8.7326,16.0263,16.0263,16.0263
8.7426,16.0263,16.0263,16.0263
8.7526,16.0263,16.0263,16.0263
8.7626,16.0263,16.0263,16.0264
8.7726,16.0263,16.0263,16.0264
8.7826,16.0263,16.0263,16.0264
8.7926,16.0263,16.0263,16.0264
8.8026,16.0263,16.0263,16.0264
8.8126,16.0263,16.0263,16.0264
8.8226,16.0263,16.0263,16.0264
8.8326,16.0263,16.0263,16.0264
8.8426,16.0263,16.0263,16.0264
8.8526,16.0263,16.0263,16.0264
8.8626,16.0263,16.0263,16.0264
8.8726,16.0263,16.0263,16.0264
8.8826,16.0263,16.0263,16.0264
8.8926,16.0263,16.0263,16.0264
8.9026,16.0263,16.0263,16.0264
8.9126,16.0263,16.0263,16.0264
8.9226,16.0263,16.0263,16.0264
8.9326,16.0263,16.0263,16.0264
8.9426,16.0263,16.0263,16.0264
8.9526,16.0263,16.0263,16.0264
8.9626,16.0263,16.0263,16.0264
8.9726,16.0263,16.0263,16.0264
8.9826,16.0263,16.0263,16.0264
8.9926,16.0263,16.0263,16.0264
9.0026,16.0263,16.0263,16.0264
9.0126,16.0263,16.0263,16.0264
9.0226,16.0263,16.0263,16.0263
9.0326,16.0263,16.0263,16.0263
9.0426,16.0263,16.0263,16.0263
9.0526,16.0263,16.0263,16.0263
9.0626,16.0263,16.0263,16.0263
9.0726,16.0263,16.0263,16.0263
9.0826,16.0263,16.0263,16.0263
9.0926,16.0263,16.0263,16.0263
9.1026,16.0263,16.0263,16.0263
9.1126,16.0263,16.0263,16.0263
9.1226,16.0263,16.0263,16.0263
9.1326,16.0263,16.0263,16.0263
9.1426,16.0263,16.0263,16.0263
9.1526,16.0263,16.0263,16.0263
9.1626,16.0263,16.0263,16.0263
9.1726,16.0263,16.0263,16.0263
9.1826,16.0263,16.0263,16.0263
9.1926,16.0263,16.0263,16.0263
9.2026,16.0263,16.0263,16.0263
9.2126,16.0263,16.0263,16.0263
9.2226,16.0263,16.0263,16.0263
9.2326,16.0263,16.0263,16.0263
9.2426,16.0263,16.0263,16.0263
9.2526,16.0263,16.0263,16.0263
9.2626,16.0263,16.0263,16.0263
9.2726,16.0263,16.0263,16.0263
9.2826,16.0263,16.0263,16.0263
9.2926,16.0263,16.0263,16.0263
9.3026,16.0263,16.0263,16.0263
9.3126,16.0263,16.0263,16.0263
9.3226,16.0263,16.0263,16.0263
9.3326,16.0263,16.0263,16.0263
9.3426,16.0263,16.0263,16.0263
9.3526,16.0263,16.0263,16.0263
9.3626,16.0263,16.0263,16.0263
9.3726,16.0263,16.0263,16.0263
9.3826,16.0263,16.0263,16.0263
9.3926,16.0263,16.0263,16.0264
9.4026,16.0263,16.0263,16.0264
9.4126,16.0263,16.0263,16.0264
9.4226,16.0263,16.0263,16.0264
9.4326,16.0263,16.0263,16.0264
9.4426,16.0263,16.0263,16.0264
9.4526,16.0263,16.0263,16.0264
9.4626,16.0263,16.0263,16.0264
9.4726,16.0263,16.0263,16.0264
9.4826,16.0263,16.0263,16.0264
9.4926,16.0263,16.0263,16.0264
9.5026,16.0263,16.0263,16.0264
9.5126,16.0263,16.0263,16.0264
9.5226,16.0263,16.0263,16.0264
9.5326,16.0263,16.0263,16.0264
9.5426,16.0263,16.0263,16.0264
9.5526,16.0263,16.0263,16.0264
9.5626,16.0263,16.0263,16.0264
9.5726,16.0263,16.0263,16.0264
9.5826,16.0263,16.0263,16.0264
9.5926,16.0263,16.0263,16.0264
9.6026,16.0263,16.0263,16.0264
9.6126,16.0263,16.0263,16.0264
9.6226,16.0263,16.0263,16.0264
9.6326,16.0263,16.0263,16.0264
9.6426,16.0263,16.0263,16.0264
9.6526,16.0263,16.0263,16.0264
9.6626,16.0263,16.0263,16.0264
9.6726,16.0263,16.0263,16.0264
9.6826,16.0263,16.0263,16.0264
9.6926,16.0263,16.0263,16.0264
9.7026,16.0263,16.0263,16.0264
9.7126,16.0263,16.0263,16.0264
9.7226,16.0263,16.0263,16.0264
9.7326,16.0263,16.0263,16.0264
9.7426,16.0263,16.0263,16.0264
9.7526,16.0263,16.0263,16.0264
9.7626,16.0263,16.0263,16.0264
9.7726,16.0263,16.0263,16.0264
9.7826,16.0263,16.0263,16.0264
9.7926,16.0263,16.0263,16.0264
9.8026,16.0263,16.0263,16.0264
9.8126,16.0263,16.0263,16.0264
9.8226,16.0263,16.0263,16.0264
9.8326,16.0263,16.0263,16.0264
9.8426,16.0263,16.0263,16.0264
9.8526,16.0263,16.0263,16.0264
9.8626,16.0263,16.0263,16.0264
9.8726,16.0263,16.0263,16.0264
9.8826,16.0263,16.0263,16.0264
9.8926,16.0263,16.0263,16.0264
9.9026,16.0263,16.0263,16.0264
9.9126,16.0263,16.0263,16.0264
9.9226,16.0263,16.0263,16.0264
9.9326,16.0263,16.0263,16.0264
9.9426,16.0263,16.0263,16.0264
9.9526,16.0263,16.0263,16.0264
9.9626,16.0263,16.0263,16.0264
9.9726,16.0263,16.0263,16.0264
9.9826,16.0263,16.0263,16.0264
9.9926,16.0263,16.0263,16.0264
10.0000,16.0263,16.0263,16.0264
